hours,temperature_C,humidity_pct,wind_speed_mps,wind_direction_deg,pressure_hPa,precipitation_mm,solar_irradiance_W
0,11.9300291047083,72.8026299469583,4.5254370532589,199.961714117974,1013.06857836294,0,0
0.25,11.652772264666,68.7235858053511,5.28646500102894,199.352767630184,1013.31839848901,0,0
0.5,12.3989603224842,77.9008902074709,8.34628221805654,193.067560924701,1013.46644213139,0,0
0.75,12.791951469243,62.5205816466888,5.17593246250711,214.27218752386,1013.54396829064,0.713175795412527,0
1,12.334396821882,73.8340992187488,9.29285761486624,216.259078027925,1013.7397473207,0,0
1.25,13.3810819843975,68.9124403918007,6.9121775373942,215.461979067859,1013.87496303408,0,0
1.5,12.5063567648628,79.3626935448886,8.3694818460167,194.92490070989,1014.02389324905,0.277927861599041,0
1.75,12.6362974033502,83.6141546081019,7.8158337369158,208.927456273047,1014.12564282145,0,0
2,12.5929068170441,76.5664949944149,5.97793671248683,181.656018098171,1014.11569375107,0,0
2.25,13.0739449391715,78.0351541076932,8.49365999020822,212.662126696161,1014.23568541079,0,0
2.5,13.6339320704648,80.78175777549,3.40953694240519,195.402948701572,1014.3077104512,0,27.8734949683777
2.75,13.7217019587807,82.0947739306148,6.85733199465514,204.305800916965,1014.34933739891,0,67.3219369873668
3,13.1534302240154,70.1587218627355,7.98342729235019,145.176363778572,1014.41317322555,0,129.383848920845
3.25,15.102386482025,72.6843738419732,7.62930445337644,188.10178148113,1014.51017278532,0,166.28067333938
3.5,14.7872965056685,80.755328929802,10.6234159833153,204.585005746053,1014.59183771004,0,241.821555055781
3.75,15.358599813017,71.5814382100426,6.48874048047809,212.800737391218,1014.70713172524,0,272.566084565902
4,15.1440382857918,73.0620911476819,6.99083307091653,224.174086470258,1014.78335826223,0,315.189914232546
4.25,15.7793447500043,81.456955254443,7.61079336538222,243.625661482633,1014.83696191714,0,278.658735699939
4.5,16.9925471878457,73.3005369842563,6.21237418903911,217.253186518185,1014.93891642587,0,394.262014596541
4.75,17.1388088865906,74.4438104257422,9.55674445942085,229.312402822161,1014.97000408819,0,433.123806228173
5,18.4754640450909,67.0571959546154,8.3480627245627,204.850141521979,1015.08623636893,0,350.69547852764
5.25,17.9514988539196,61.3670160703502,6.85528050503123,227.541967585792,1015.17171864619,0.569141337365983,550.747562456718
5.5,19.2603036689642,79.4805024516653,6.82659228042084,220.724648750347,1015.35806225537,0,448.741649525318
5.75,18.8667670174785,74.1237209686803,4.85059702461103,243.155044677427,1015.42425817372,0,507.605045339537
6,19.3002373215219,66.4188954203104,4.43084929998247,224.115222014446,1015.4931204494,0,697.502357575058
6.25,19.6124705468081,78.2815811206673,2.68836416469597,174.557554174536,1015.58877791219,0,543.970488825728
6.5,20.9029769285621,76.4721259214102,7.19598240466747,238.320889759893,1015.66345278118,0,618.408813309004
6.75,21.1019741906308,67.0103362063389,5.62692362373149,233.242086169462,1015.65074490726,0,892.111801626796
7,21.4610055508124,71.8613760240767,1.78457181497295,230.966584642823,1015.77780923917,0,628.028189758512
7.25,22.7507541523466,58.3659069875442,1.29601510197651,265.68704087059,1015.91832916326,0,676.086760898667
7.5,22.9664058604119,58.996040710498,2.62955233643231,248.211858427157,1016.02541642085,0,643.093488026884
7.75,24.0087940746884,68.5100830161763,2.71999600247551,223.238202439272,1016.19798930681,0,621.573446422453
8,24.6446905434644,64.4521593402703,2.06458714239666,228.250263393462,1016.39876785562,0,716.216631992637
8.25,24.1225900482582,61.7785549977866,1.26055609323979,212.715972975624,1016.54044983094,0,737.068751067422
8.5,25.0308135998928,58.2791963930431,3.01109426596653,238.890385558271,1016.63928208164,0,689.728186757752
8.75,24.7330976014182,58.033218085891,0.774077653280533,199.413132974578,1016.66537031052,0,814.099627599272
9,25.4556197024145,57.1826040708001,3.07119561044123,236.235777712538,1016.70502333755,0,730.543789825304
9.25,26.1297560180203,58.3731784048372,3.0773138628376,261.460452524539,1016.72511743221,0,869.76421327731
9.5,26.3750709442698,58.0473115376192,1.46387875747952,244.290553924653,1016.84944802138,0,797.960872380653
9.75,25.3307139446643,47.1469641748666,0.583501437468756,234.956284061151,1016.92176476665,0,855.723284166708
10,25.8918320950036,59.3508717549315,0.134496862128421,217.678220447283,1017.02212141925,0.675387228122367,722.449215319159
10.25,27.5434979750524,50.4775798625046,0.0597959201868701,208.78009254506,1017.13870412367,0,777.973490430548
10.5,27.4612512726069,47.0798761286293,5.84804352598716,223.728459851731,1017.17469394454,0.38671945825726,811.817786631132
10.75,27.7067241971384,57.0513398068274,2.6728483085833,260.702980391089,1017.27327469182,0,842.286424001125
11,26.7022921596569,51.76847417513,4.24871797152704,237.046111067451,1017.30691148004,0.873392830645459,779.49619677499
11.25,27.9801093255231,46.1574698134346,2.00843518623718,199.846103374834,1017.40080770605,0,679.305198031014
11.5,27.8979944999261,48.6687174211632,5.05621489672886,243.228807413877,1017.43549241394,0,698.809523613839
11.75,27.5123523100558,45.7517344245696,2.91832543381596,247.271444650165,1017.46322889135,0,713.838579183207
12,26.9861377580684,45.6700029203942,3.13151584421012,237.829071736975,1017.59309506598,0,593.340963830821
12.25,27.9336666952326,52.6037897788328,3.6062082918203,241.752683582865,1017.62495693746,0.157197647370504,711.830905276579
12.5,28.4474445509815,44.4761091425054,0.332555456311093,211.359613530087,1017.5819556762,0,574.883517302638
12.75,27.8259224557068,50.5513835176265,3.96781504662418,216.110002119286,1017.67210390509,0,561.288770603056
13,26.8905405154211,46.077020463566,7.30660374929952,245.436333004075,1017.73630952374,0,486.810302719682
13.25,27.5581741588262,42.363599913946,7.71885146966311,223.800583686233,1017.8156881769,0,414.780430319196
13.5,26.5591277098864,55.4234584659085,3.98868979523334,234.995606142366,1017.84991049148,0,436.407674111681
13.75,26.9573057366004,45.9418071364419,6.55329134640836,256.275599918772,1017.80091408753,0,471.430552602345
14,26.533914851093,37.6991308550672,5.62497518833203,226.4113456392,1017.82864500635,0.7312753155129,412.763413939565
14.25,25.6277462182079,42.6634302392264,8.40197581304606,170.755133241025,1017.87756383878,0,358.792900250452
14.5,26.1017078254606,46.5807437566452,12.0483973940112,248.695957519348,1017.8025430531,0,369.187909564001
14.75,25.781305097509,44.15148298251,8.28669048288549,192.543057211294,1017.85483061338,0,289.921509639759
15,25.6272571872662,42.6164201992244,5.5161030722598,222.998276930584,1017.90379467086,0,207.061197303978
15.25,25.568569769704,40.6168454978245,8.87962002868493,236.476999037864,1017.97677297847,0,196.234504688294
15.5,24.424472440045,43.3876959681764,5.72886833947571,220.789194127251,1018.05763775717,0,168.649161680122
15.75,24.3366867397254,44.855753836744,4.64314779813391,241.764377920675,1018.12342405401,0,111.906156181467
16,23.3269817849314,53.0813872755956,8.80634996697084,245.188497985019,1018.04980891671,0,58.6755773367622
16.25,23.5142996211822,51.9113440511958,6.43315181710645,224.243307693714,1018.1205536311,0,13.8159219834255
16.5,22.7981756437447,46.3836380441703,5.99371758044651,226.58463848527,1018.12344944369,0,0
16.75,22.2979854483048,53.0484406011563,8.4864998515279,297.051338940475,1018.16385256926,0,0
17,20.5946650407088,43.4833929811367,9.85098987179394,226.670955961991,1018.10344811613,0.516348045348238,0
17.25,21.6433333373916,49.4186225853129,5.00217686480297,243.772958728126,1018.00651870144,0,0
17.5,20.7524288726019,52.3797427278675,5.41418006986447,206.828966076258,1017.99122531255,0,0
17.75,20.9123775424532,44.5579898962975,2.84319368372959,191.705400065195,1017.99956945549,0,0
18,19.4878093030052,50.6697975549245,5.14565319353203,191.606760713724,1018.03009746717,0,0
18.25,19.4854043374934,50.3548842380306,3.89138150817049,235.960911081493,1018.03746284745,0,0
18.5,20.3248059832513,43.0920199201574,2.16588837429167,197.781439195103,1017.99143713288,0,0
18.75,18.1670912131962,58.5682906931255,1.69177498472034,174.919153495166,1018.01803325968,0,0
19,16.8550888575494,49.3465662548884,6.47529335139127,205.583797598476,1018.00076659369,0,0
19.25,18.0023410338992,54.6679582065817,0.972530058625298,241.183385316235,1018.00526542564,0.56485629500317,0
19.5,16.3982918779004,48.4509667653849,0.195491310573843,208.479786236731,1017.93845293972,0,0
19.75,15.3566752553352,55.4993597842203,0.188569220946545,211.176640583593,1017.84985964708,0,0
20,15.462105844694,55.6925647128731,5.16153579628286,191.058217067533,1017.78258291732,0,0
20.25,14.9602954969587,60.9504735235378,4.42921773797836,190.69868114216,1017.8103040206,0,0
20.5,13.4746425843533,48.050322806638,2.29847387728158,165.219020233409,1017.82299266713,0,0
20.75,14.0601581582396,63.0658717168582,0.508178950486589,183.160705827713,1017.79521251473,0,0
21,13.7319493981925,55.8783115078322,0.961689979429896,195.084982735996,1017.81314344261,0.750510012033708,0
21.25,13.9188074515948,65.8134702407081,0.824031819590186,214.019515623578,1017.83022611873,0,0
21.5,11.9107047141158,65.3393394287727,1.03548171350572,183.465031838556,1017.75765955853,0,0
21.75,12.641524117702,64.4361619824628,0.983840560865238,238.867849935697,1017.65375769892,0,0
22,12.7959622886393,61.033037169703,0.974466176142,225.355228855085,1017.71821805385,0,0
22.25,12.6025269828056,64.2055664557399,3.24182010882143,182.359858596261,1017.69453088488,0,0
22.5,12.5281855131914,68.0386931709469,0.686871690299161,171.831612500179,1017.64441708009,0,0
22.75,12.0709785077091,65.8004105730289,2.10622395800784,166.248162636685,1017.61312025103,0,0
23,11.9269980279054,59.8977949827222,5.51814470789603,143.430846847323,1017.53754765902,0,0
23.25,11.8992547115855,71.9762872554817,2.04687472592353,193.017152813519,1017.46890857931,0,0
23.5,10.8042626435922,72.8237583202378,4.54639230564925,187.955215135692,1017.39933515188,0,0
23.75,12.5202006074406,67.6942755727105,4.75324135722079,177.072586000436,1017.33323324944,0,0
24,11.8419629908011,65.3854951969778,5.19016217251499,205.003362141234,1017.24206218315,0,0
24.25,10.7873900486679,76.7883962391792,7.3926334030852,221.425323453493,1017.11820691767,0,0
24.5,12.1544860102489,70.9309261421361,4.58854155564459,186.281693249052,1017.08374035709,0,0
24.75,12.1793089051691,64.8189050956797,4.73023500949329,182.216822309946,1016.96880908272,0,0
25,12.2454514062703,74.5945719910654,2.79628394287824,210.0027515015,1016.87227734057,0,0
25.25,11.3518998078507,71.1289610731316,10.7064743980113,173.409325208897,1016.78333476109,0,0
25.5,12.650759328421,72.3866149415371,7.19605526814439,173.871752792197,1016.6633647706,0,0
25.75,12.4701905545546,75.6644470100044,5.46406203028592,174.186246204816,1016.68616531705,0,0
26,13.6983603257467,74.2418381350839,6.728644801837,159.098419318901,1016.68980737289,0,0
26.25,12.8763961682235,69.8264493088999,5.96246310707153,181.345705343427,1016.61985147097,0,0
26.5,13.2536319946946,71.8204924679696,8.59006675024198,173.370692630237,1016.62106160599,0,28.9600309109531
26.75,13.1644207489518,75.0262363894745,3.94048523844385,119.783495288622,1016.47877317768,0,76.0969595477837
27,13.8214140113084,71.6904902721792,8.65350005398394,141.760552074415,1016.37749036725,0,121.231292546918
27.25,14.5097156360673,78.0125601779169,9.69493903048122,124.76741775491,1016.24020421033,0,148.314794525906
27.5,15.5344835815802,69.4818943174868,5.48940082033783,146.908993044904,1016.20801020645,0,184.541926747085
27.75,15.3512999933588,71.161356787639,9.88269242013066,141.86701744709,1016.16195261407,0,240.311583288126
28,15.7270180675121,70.9433733966955,6.38403882856447,118.948369234548,1016.00953552633,0,274.426232822025
28.25,17.0557437814888,70.6676441479545,10.8013168095152,174.163633849025,1015.88436518941,0,389.145701336611
28.5,16.9972220854427,80.1706696733272,6.20721132387031,142.375425020047,1015.81712064579,0,362.547351005942
28.75,17.6899482792067,73.0017304532547,6.44781979683101,144.601269385805,1015.76315054832,0,416.444519630944
29,17.3483974241559,77.1017271655639,9.54944723802463,173.466714726268,1015.59527306441,0,521.906672922701
29.25,17.3371722830341,77.5747199595278,7.18145913285803,122.371636054864,1015.47868909068,0,541.145425602923
29.5,19.2990077530301,64.6607005676974,1.8158641815051,127.213020177421,1015.45152870745,0,545.922021783327
29.75,18.4807726562261,73.4663879937634,4.15022350396367,148.168672788875,1015.31451839379,0,590.669873458763
30,19.8222261105374,73.0863607314893,4.55330353520611,131.639539114201,1015.25801732193,0,554.509068894555
30.25,21.1588612829211,66.4651860208588,3.61901469079864,120.661463651434,1015.10900017475,0,549.811058505904
30.5,20.9590259249328,76.0206162861951,4.19569571966274,144.962895529306,1015.01905306465,0,766.111869572681
30.75,21.2606027811857,68.7911446228307,2.04180392346544,116.088009249956,1014.95474674623,0,754.92822319271
31,21.5334053723008,67.8562518829142,5.93223083683076,94.2708074959533,1014.84845558692,0,617.094800741579
31.25,21.8306031459098,69.8994988484069,1.98566337636942,121.19393523731,1014.80303458309,0,751.662740440004
31.5,22.0602910479835,70.1242339624653,2.95001872893609,129.786738148606,1014.68832331731,0,913.14194165214
31.75,23.062007993919,62.6789728957064,4.00456987194305,112.102467292452,1014.61245852113,0,685.632804330985
32,23.630768854232,64.8425022973097,0.423214261344211,97.0474169260998,1014.53807117022,0.880854854765741,766.901292191264
32.25,23.3996325414189,55.6559886147396,2.93647906093571,134.014778353604,1014.50671026026,0,817.000229992522
32.5,24.9697823446321,57.7082094453534,4.20294886040815,133.155841358228,1014.40369166777,0,781.511095619082
32.75,24.8977631061867,55.0279080554527,0.357367917488599,97.7386622960645,1014.30860884119,0,670.277593550327
33,25.9823192672209,63.817070926858,3.0866718376905,105.977849630686,1014.25164902479,0,896.114551515578
33.25,25.82884012622,68.1307133872382,2.23623120818897,111.903311454531,1014.1486348869,0,808.590394914056
33.5,25.7007467643675,49.9379738500973,5.51393509002863,92.4460768600825,1014.00699162132,0,882.74043593812
33.75,26.6752791714126,53.5914458946007,3.67359453528044,93.383902576983,1013.84191694295,0,673.943469394207
34,26.5322163155096,58.2595479858474,1.67399695676014,132.524543635636,1013.70736489419,0,845.931190340933
34.25,27.1482659023968,62.9854562948406,3.37831875036146,109.135929279255,1013.51540144446,0,739.441684961437
34.5,27.3975837601332,60.9673018387016,2.05172112651775,109.6294569395,1013.39813150857,0,637.228560911427
34.75,26.8682009717271,55.6580875945277,1.69512108189391,132.932273413159,1013.32453455579,0,701.22222279051
35,27.8002623936407,54.7279798773578,2.24655700186342,150.369979813397,1013.22223422317,0,821.829818547156
35.25,26.9153357126355,53.4883560883446,2.03450526224381,79.7505255781762,1013.12806988297,0,611.013421377666
35.5,27.8216338319945,41.9650094609805,4.03106402921432,131.451718077176,1013.02564569913,0,850.942530599916
35.75,27.2245814186995,54.4238271109443,4.64418427203253,137.344827992823,1012.96425588003,0,666.084880934911
36,28.1925035612614,50.0863166187295,1.41616482403229,99.4062164314335,1012.95842844925,0,667.872292743491
36.25,27.2956448172598,48.5592527501118,0.554622513667089,80.8403026927561,1012.92692763162,0,744.527555576525
36.5,28.1682533756173,39.0026834325279,3.82990163270473,135.155543689423,1012.78749623654,0,610.332618998483
36.75,26.9172787073616,43.6968644230343,5.69003697643001,123.682788559986,1012.65300646624,0,598.793648541304
37,27.8922743457081,45.118357564732,6.01687012967925,87.9296523460384,1012.53697131149,0,612.950099628195
37.25,27.8798377085165,50.6309894009175,4.11009087546776,140.490380556295,1012.50645627963,0,549.411152745885
37.5,27.9464111079393,48.1957320422737,5.87454038222762,101.91253771347,1012.33949745541,0,401.318484633325
37.75,26.9237980577352,47.5971408184174,6.72154654986515,150.181029515603,1012.27936736036,0,455.443252344147
38,26.7879748092844,44.7459132592186,7.02937751102966,137.01523121819,1012.20793436644,0,416.819433192744
38.25,26.2664757029266,50.6057185722561,6.41119120202432,89.094229737764,1012.14264481752,0,403.35728579517
38.5,26.7865799229415,39.9894176644162,10.4219900450133,154.631384934134,1012.04827340968,0,275.611490073253
38.75,26.3360337434103,40.6110044877015,5.26817678956751,136.078940072792,1011.95388582487,0,286.254637645541
39,25.6337497409008,45.3581663364636,9.70477045721528,125.090816571043,1011.90602037563,0,257.420060631084
39.25,25.1839970685228,39.6624267757563,9.76737940640903,130.906643098701,1011.86023588322,0,190.539679456144
39.5,25.3058767997594,48.6862556206694,5.36180255949075,139.164927926414,1011.73985390868,0,149.418880897054
39.75,24.2818520120785,40.4731319933705,8.1766888184074,135.873732018588,1011.66978450659,0,111.425138724009
40,23.4127661824933,45.3258926012035,7.03075160341971,121.376652912752,1011.53619598277,0,51.8584419530624
40.25,23.0472929634165,52.8977958118253,4.38774072011371,152.986035331767,1011.42186331473,0,15.9120866271288
40.5,23.5910041415467,43.5594937126176,6.57948622886268,156.625853430176,1011.30436781118,0,0
40.75,22.5321577382079,47.9509897850306,7.30258952860499,134.838089046172,1011.19550836064,0,0
41,22.0370480579608,51.3316320618747,5.31286769202235,145.475833103463,1011.08570136181,0,0
41.25,21.4451358019042,45.8878643732402,8.05703104228254,110.915177023641,1011.02960126786,0,0
41.5,20.4322061107521,39.2469614351127,7.50043130926189,136.775911066393,1010.92765154662,0,0
41.75,20.6062504986108,49.0554667277156,6.17284938713333,90.4754900054111,1010.88200209274,0.955375458914177,0
42,19.7566380506029,52.9995342971831,6.46473648024321,156.594318822581,1010.76269828414,0,0
42.25,19.3002643927436,48.2354927544376,4.57632926113394,169.032861578085,1010.71444446699,0,0
42.5,18.816191604245,51.2733700152799,2.06252926196187,150.82414873384,1010.66373891819,0,0
42.75,17.8744656518655,50.616232807656,6.24034653064375,120.770981536387,1010.63569683299,0,0
43,16.5514522879517,59.3724954865569,0.243615560166284,171.168341331459,1010.60373677192,0,0
43.25,16.1850099810257,45.9050330494653,6.0306359523394,156.710517121042,1010.45024715906,0,0
43.5,16.7564031464147,59.5064386743919,5.12868444492364,133.140123076219,1010.31939710273,0,0
43.75,16.8653641752915,48.3359255268745,0.410447396002367,136.968710886576,1010.18390291738,0,0
44,15.8730306509049,58.2194240612919,1.76938645198762,123.677381036379,1009.96021565612,0,0
44.25,16.2449285658742,53.8128540191757,2.58299006139488,171.798352915568,1009.85359670945,0,0
44.5,14.831508523395,61.6161008939209,1.74086402199472,170.334868480102,1009.8017284273,0,0
44.75,14.6362067098317,56.9427757197273,4.15197828853691,145.212745631009,1009.70698457544,0,0
45,15.1873343549194,54.9351934796967,0.130810533577219,162.488363004901,1009.59703258585,0,0
45.25,14.3113548913313,53.3733546023844,2.36342894495066,159.769755105982,1009.50061566779,0,0
45.5,13.4684720450475,56.5997643283537,0.148002539532593,185.761428859355,1009.4243674776,0,0
45.75,13.3827579833563,61.4237089697634,1.98683594517412,140.987656938726,1009.40474243098,0,0
46,13.3903715569011,57.5840965330867,3.868388771015,152.029191439295,1009.38923739078,0,0
46.25,12.8197095542401,62.0359951990252,4.05972633428733,149.266230088998,1009.3667949589,0,0
46.5,12.4814282738745,73.4844313104959,0.988555216793137,176.06587440633,1009.26964898403,0,0
46.75,12.129509432435,68.2463849281793,5.81041465235441,194.571650816617,1009.08404763294,0,0
47,12.6588115873801,66.3044435313914,0.578336700325043,146.969788388098,1008.89904548861,0,0
47.25,11.7786002681533,61.8210215295898,5.26284045599278,180.642053788616,1008.88752970684,0,0
47.5,11.2680605666922,52.645807961763,2.73240137243822,178.508422333183,1008.81192832201,0,0
47.75,11.8579283834976,75.543012730472,3.01620769721375,180.717654244575,1008.74722487807,0,0
48,12.7220247814904,69.6459576470505,5.78396733994486,167.868657725397,1008.60863063814,0,0
48.25,12.6934413817101,72.3770086018374,1.80868010688464,166.761280919944,1008.52741971831,0,0
48.5,12.211346107575,76.5001746226457,8.86660866553072,197.918727399235,1008.42341035532,0,0
48.75,11.7500961387609,73.8086589404273,5.46667786246743,172.451489998747,1008.36829375257,0,0
49,12.2290705971035,76.8580361145339,5.40449220138731,196.150601911641,1008.34441945732,0,0
49.25,13.1326700045251,74.6452886292526,8.92785181331335,150.686527735712,1008.27762361135,0,0
49.5,12.8076933287583,73.7888108146013,10.5597255645237,180.50065395663,1008.25557197163,0,0
49.75,13.6363713917191,73.6728886139138,8.88286910747733,179.356190348046,1008.25521602366,0,0
50,13.6452695001761,79.8753425590904,12.084767932333,201.888877080296,1008.25839254694,0,0
50.25,13.472121680368,92.4278458134355,8.38012289161962,196.114549090156,1008.18479812198,0,0
50.5,14.3684804983796,67.0761435432339,3.48093472068346,169.262486977394,1008.21578431962,0,29.2289038723843
50.75,13.9521449270428,84.7085820509352,8.99740826657506,210.295040318217,1008.18261270327,0,68.9465902233936
51,13.7432902220624,72.54470703858,13.6091940578749,182.293976885265,1008.18366412561,0,121.681771478122
51.25,15.132879486719,81.2146655620187,4.71656323698288,194.8096866516,1008.18484012974,0.287139471653245,155.788596569962
51.5,15.4691485520933,71.1555416099522,6.53452099119535,207.533344015831,1008.17423208012,0,227.821063269999
51.75,15.6496753147293,75.9841943745779,6.39562518012459,219.611912024611,1008.16323849749,0,304.880880242589
52,15.4916306681087,70.6019049478076,8.72800633097082,228.874356456678,1008.03994859259,0,252.915399042127
52.25,17.0029984681586,69.8810917632102,8.42299402190863,240.764396724088,1008.02801778419,0,312.104403884606
52.5,17.5196421758848,62.9255745989314,4.85714763817766,195.131059539949,1008.09818019322,0,436.57071883664
52.75,17.5243815243211,72.1699391217555,7.11997983905227,245.366371450232,1008.05067981626,0,346.894614111367
53,17.7222586032074,72.2566294259586,5.43273212788292,202.894107071805,1007.9844028615,0,498.399616441636
53.25,19.0676647872244,71.7905766354128,8.98070585923612,221.163672440152,1008.07461993199,0,420.12148749028
53.5,18.4113129829449,70.5263446432383,6.17758931788046,224.433820861462,1008.15526676148,0,486.375414516468
53.75,19.2356880755481,71.3283140541172,4.50660473736105,244.514576999698,1008.20026970558,0,623.85275156146
54,20.8345290212474,69.3672916436566,2.83476300253089,207.645405291112,1008.16921563643,0,642.350826818182
54.25,20.6916979882845,71.3507701583015,2.80695710323819,244.076767607896,1008.15466235669,0,587.844751207772
54.5,21.3721191363967,72.5464329757443,6.68406421013819,264.365766018594,1008.15552349299,0,669.844717756524
54.75,21.2546829348967,66.8627363147763,5.29533570517879,220.045155548352,1008.22796993926,0,652.744333711346
55,21.7365102656758,66.9795363745088,2.12611991994165,207.743400927258,1008.25730175672,0,591.113762325614
55.25,22.1272672872007,58.6589552326412,5.80344292802919,248.657598127024,1008.3576845331,0,708.605732546674
55.5,22.1587895050555,60.6525078502452,0.232565831366868,231.975217198834,1008.42445452168,0,820.044405274012
55.75,24.0642630564774,61.0581962236048,3.97163915001575,203.247038302689,1008.40638635486,0,728.747502232456
56,23.9952251673728,62.9096164023966,1.5666237895266,252.395870009116,1008.4144078377,0,757.81157175589
56.25,23.9353945408633,60.1482078737844,2.98049643032199,260.759294620396,1008.57550019288,0,768.67725906124
56.5,24.3894239189027,57.7595871910296,1.19678132619758,238.61953409031,1008.69439267571,0,944.724628307836
56.75,24.7272234809755,60.6611707226232,0.54229083514131,232.874001404942,1008.71189006887,0,688.059602553141
57,24.6578810187862,60.7558240684269,1.23138922221985,231.345952266907,1008.73184696881,0,888.573487453267
57.25,25.8585952999077,65.9730554825298,3.89865010558925,244.691913468643,1008.71870554284,0,794.627286679306
57.5,25.4216103379681,58.5670497458752,3.8300478360556,272.116221051331,1008.7139086005,0,795.374394695576
57.75,25.8897104060778,50.0536622689857,4.32999135687412,231.471461928215,1008.68746198639,0,783.569282821744
58,26.9559718564608,54.193707048738,1.30954179128879,235.222190715522,1008.70222574001,0,785.388370420928
58.25,25.9128698654814,53.3936545575978,5.61896799083693,290.418286414172,1008.7422406755,0.912480345404261,646.95420053852
58.5,27.8804711379837,54.9481752800863,0.403621099765891,190.87631503681,1008.77432876034,0,729.42137316003
58.75,26.8764821080584,51.3497403775913,2.14307770976169,270.050880045971,1008.7925714003,0,796.853671387443
59,27.5628191437886,51.2345268844691,5.59626880278623,251.922826898371,1008.85792262503,0.473358526090748,740.278417985114
59.25,27.9770527060827,59.3942285383406,4.18701204567086,250.645165053217,1008.95920972087,0,831.486162991117
59.5,27.7573556618525,53.2910760120893,4.81448900603602,264.76959725364,1009.06575954485,0,649.522942326691
59.75,26.6123329532942,56.0645505477803,5.67255752149655,213.039559415266,1009.0965469412,0,781.582093983246
60,27.7135516989592,45.6824591089085,2.41920494867248,257.84421610376,1009.04112177789,0,794.495986958211
60.25,27.2943980320918,50.4168153819361,4.05287230137776,245.035012155712,1009.11556219468,0,639.359623316406
60.5,26.9272093098935,47.7739789529529,7.25250539724476,247.189808993685,1009.07393226205,0,611.575474891624
60.75,27.3159432816382,45.3374693833766,5.96810357105738,223.082921862477,1009.09082770208,0,570.06910693885
61,27.2804784996654,38.7294768643982,7.67193519813347,224.629498530317,1009.19900088734,0,577.251167025675
61.25,26.896972781653,50.8923086780616,12.5587312318073,214.316771453206,1009.2597324417,0,533.567683258579
61.5,26.8500052371086,44.564317532741,6.78480098294817,272.504026745629,1009.27434197431,0,422.462255425934
61.75,26.2289877928673,54.7342964609802,9.56497701918378,259.748030052969,1009.37828399096,0,496.047274166592
62,26.0721783558195,43.9456623238819,8.21214614973612,247.413223329422,1009.45572383381,0,347.923003132285
62.25,26.4740898423749,44.1918169308098,10.4535732311627,275.35956480102,1009.46600862224,0,346.882320173064
62.5,26.202220538767,46.0674596518466,7.85916713832189,217.049662625249,1009.53340799941,0,367.694378795096
62.75,25.7625598120236,47.0552112988907,9.26652403439206,245.355172325356,1009.56746759013,0,303.638529381157
63,25.3699158805152,42.5653698387791,8.6347411213806,232.436737057344,1009.59924192074,0,210.639679315926
63.25,25.1661211307057,47.2992434725976,9.01730504345511,231.121100264866,1009.7129139004,0,175.406982376509
63.5,24.1108783208106,42.5880464263418,9.55223091898795,226.155870736707,1009.80784615286,0,135.224090840598
63.75,24.0123367787974,38.409875105359,9.75652245666685,223.792325820487,1009.8237300503,0,89.1373416338989
64,24.1202129696217,38.1191003212272,6.52405742922974,247.500751575146,1009.9615422351,0,69.9448308228221
64.25,24.1347823023531,41.2244619462196,5.11417789390403,235.122128678954,1010.03250980347,0,14.9410130396839
64.5,23.3130442360248,51.1928629331869,4.45789349239889,273.076339987669,1010.06101723668,0,0
64.75,22.0519496915517,40.4461605801994,8.36930730199903,223.728800530132,1010.20846218983,0.608834869268419,0
65,21.502205143748,48.5384807342632,4.89697388482895,225.581417875992,1010.32340799253,0,0
65.25,20.7917335848222,38.9109470489777,8.71213314095928,255.447285696826,1010.45692419147,0,0
65.5,21.0237192598839,44.0583014467697,5.6799454186398,195.0842820624,1010.51582537873,0,0
65.75,19.6949082996235,42.8388231210408,5.0688489212946,244.706109266753,1010.59728416214,0,0
66,20.2792068730037,51.4832525705859,7.42047491558072,230.430240717222,1010.78549956975,0,0
66.25,19.6212459632961,46.8689498919761,4.80452119371943,214.124136280818,1010.86462476712,0,0
66.5,18.5766135333851,46.5493987186045,1.6671780579844,235.213160896562,1010.84635463979,0,0
66.75,17.8656395064884,53.132483235928,5.51754164105288,248.942642933758,1010.93752017559,0,0
67,16.8728321663536,46.9576696179937,2.38182030203114,246.530096798241,1011.03431152,0,0
67.25,16.985994874496,51.6223827662029,3.40468737460969,229.09118997631,1011.07789246204,0,0
67.5,16.5823197814037,55.6786363021126,3.65875538212386,211.222257375251,1011.10452073889,0,0
67.75,15.7890644782193,60.2060088044921,2.46823348973169,214.310710099137,1011.27959235176,0,0
68,15.7805405212142,51.1490578984801,4.49111799089148,218.58470312626,1011.45234614222,0,0
68.25,16.3168026003607,66.7732111516616,1.2268450264104,242.350058025916,1011.46420112071,0,0
68.5,14.9719241195055,58.863680723829,0.6946857267938,202.000096267963,1011.59832972141,0,0
68.75,14.6140526053257,65.3439420573675,6.06267216768722,204.428635090467,1011.63693510815,0,0
69,14.570853861445,55.5250252853431,3.11864508898723,252.217494614458,1011.73021996396,0,0
69.25,13.3405282370982,59.5535649003628,2.25349928723447,204.02284865963,1011.81787207993,0,0
69.5,12.7319120585948,63.3931726466813,1.55376393309124,226.020511496354,1011.95788346583,0,0
69.75,13.4484069085189,54.914102501284,1.43299769725955,175.550536719437,1012.104603906,0,0
70,12.6367103069138,59.7229928516104,4.49655873415737,209.361975370486,1012.1222303934,0,0
70.25,11.9428091678984,60.5422974309486,1.08107910386859,204.427180758586,1012.26808061981,0,0
70.5,12.6810818242894,71.4772726084511,4.43473754345925,191.808633462812,1012.39523113058,0,0
70.75,12.3907220605614,66.1904280042943,2.6751350049993,209.65484456857,1012.58202458456,0,0
71,11.4328114496109,65.4157044750251,3.86976700115635,167.084069573506,1012.75705183082,0,0
71.25,12.6090720360429,73.1916163521073,1.86588513449885,147.896658139509,1012.87584527419,0,0
71.5,11.9365962610692,62.7496548334688,4.37629178511631,171.917357316086,1012.97927381228,0,0
71.75,12.6122961745259,66.6398704539244,6.61695328853022,175.02222736205,1013.16109432033,0,0
72,11.6553253274312,70.4911607389487,4.56101142481964,154.991923917494,1013.28784750458,0,0
72.25,11.3371254156109,73.7556956677154,5.5990823578817,161.779868035859,1013.45308610026,0,0
72.5,12.1981805486393,72.9653166836512,4.10938434368869,184.5452084755,1013.6894617038,0,0
72.75,11.6191715865454,74.5608857315868,7.35467634815212,153.21120441045,1013.78433720383,0,0
73,12.6549587113937,71.9627301672727,8.56008126837422,164.753431466904,1013.85742991986,0,0
73.25,12.1123625762561,82.4319451079281,4.03966104136477,206.344269075862,1013.9068196051,0,0
73.5,12.9203685419385,74.460677411306,12.589733475734,134.975920101458,1014.07206788826,0,0
73.75,11.6753236698263,69.1600557665021,9.61232735635942,203.226167267824,1014.18691683929,0,0
74,12.6508821644186,84.4999756273801,8.45335323183834,137.290343871718,1014.23055644253,0,0
74.25,13.2491616586079,70.5567172675121,10.7120915661843,155.56007413263,1014.42680309217,0,0
74.5,13.9511261250633,73.6000809277091,10.784674831653,171.963091587997,1014.58885562994,0,28.104458825725
74.75,14.399277728888,76.1664844378006,9.16443133592049,149.411589013113,1014.69404079497,0,74.5706249004185
75,14.5780888138828,83.5973467532512,9.38086752595486,162.141912860305,1014.784298232,0,122.313440868204
75.25,15.0673048016504,71.903606163397,4.27441355045372,154.13914770593,1014.87294929285,0,142.328108669814
75.5,15.419367196911,73.7542287090374,5.90423814368639,170.76896807781,1015.0437680392,0,182.202720486891
75.75,14.8842031125614,75.9226138361283,9.04809148289891,184.589407577417,1015.10417378267,0,242.740027811879
76,15.6878427525232,79.0035458391322,9.77378792812298,133.314153284212,1015.18263454101,0,318.35945350747
76.25,15.9233416782611,70.6008297930594,4.43053820182904,127.088915854104,1015.34267491023,0,382.676523895874
76.5,16.9562445000653,74.121004808807,6.98222878829647,165.157851211756,1015.43071836435,0,338.549032514398
76.75,17.2005327816214,77.1916303316048,5.85159104454855,152.334309038765,1015.52467331663,0,454.709734047234
77,16.6919128415408,74.1558287819883,11.1797784003978,136.376443137337,1015.58234728713,0,523.448657868164
77.25,17.9266418803878,77.9438195737442,5.65120381035054,129.665904406733,1015.65754239156,0,462.895786099348
77.5,18.2528225044263,64.8327178688597,6.67874995556254,186.417946888777,1015.82044044766,0,474.270121134033
77.75,18.9667447412252,76.5382268838001,6.54149385546432,145.609177111239,1015.91992461592,0,464.571683053008
78,19.2363554849374,63.8594033668899,2.54263982822483,124.580243948075,1016.05924346823,0,581.420315114618
78.25,20.2301824446615,67.8200809146787,7.05785542400693,126.628069552149,1016.13336593482,0,598.658326164587
78.5,20.6845887453754,76.7994323636925,6.17993112289916,141.926477851063,1016.14653477038,0,673.68047275921
78.75,21.4558804866446,68.940655913,2.96000533986879,134.565318083709,1016.31345842352,0,587.122033642026
79,21.4368769614634,76.0535349737004,2.61070232737243,115.981212709939,1016.37593053342,0,746.007244623318
79.25,22.8859534056984,69.3577196823436,1.66470490973695,119.536991333461,1016.40401039866,0,597.050205290409
79.5,22.3772145180892,69.3212795974593,6.48941376624738,96.2504140610272,1016.45058067832,0,659.795344339558
79.75,23.1418162071126,61.8129209275062,1.95267034936776,166.411530130674,1016.53702534264,0,730.885616454669
80,23.6351330570255,63.7920268031769,5.99268904036565,122.263798534248,1016.61474546258,0,888.490580576726
80.25,24.6266164622168,62.6530814697667,1.16640737338825,139.01370963514,1016.72594760526,0.785967931373074,639.996820638746
80.5,24.8727130927271,57.6384551328876,2.93624181621869,140.04041206089,1016.80161455547,0,692.513174502787
80.75,24.937915642052,60.7170093601884,1.45552245864713,111.88933024659,1016.94269631827,0,844.00809426055
81,25.2750804229337,61.1558027930107,2.36437988270543,155.470008763771,1017.12548219909,0,744.505386930782
81.25,25.3815152259267,63.7384285178172,3.29229320368524,124.434793052089,1017.26675492632,0,657.700380468996
81.5,25.5855314766363,58.3029670612298,5.77343946741374,115.62267575138,1017.32096143944,0,790.121491727798
81.75,26.0735038023146,54.4823232010414,2.19193592480599,155.269062877187,1017.36827395674,0.291687596014056,852.920008850227
82,26.6500906495503,54.772332093995,0.306703942445019,135.494825953554,1017.42020533887,0,706.939076460514
82.25,26.3839697264699,53.1277778870165,4.42946468772672,135.820581916575,1017.48154563552,0,873.541217180333
82.5,27.5395923304673,52.1247098608549,1.27727530961897,118.050965244707,1017.48127054374,0,856.48463546526
82.75,27.804596725178,51.6610252765201,4.11447479881666,131.771216581327,1017.60387921452,0,828.105790556031
83,27.5749989501534,49.314280943969,0.548759879250945,101.974233048273,1017.67279768232,0,773.194410485815
83.25,27.7198690790384,57.4448620665936,8.19160607756532,129.936652274082,1017.72323552624,0,753.495441385996
83.5,27.6533231669798,50.6535020444389,6.48148450672772,129.890164173128,1017.78519943982,0,653.574288635021
83.75,28.3114335628523,60.5698677738824,6.29652393353435,87.9988387711676,1017.81481437064,0,770.222613134118
84,28.7051678546996,48.1150301058621,5.74160542836848,69.4745879972694,1017.85532570706,0,750.704994674959
84.25,28.2547553068611,56.0146292632088,2.53124838254265,127.622204902741,1017.96345661114,0,582.186784883654
84.5,28.3818490106085,38.5464010805655,3.18153821810267,132.146876574229,1018.09453509593,0,572.359325131315
84.75,27.5356767252929,49.3848054153839,9.33820929238053,102.105296472359,1018.13949185305,0,516.464034772204
85,27.8806859306221,38.4723102456772,5.78563020696609,138.951150325755,1018.14131776674,0,453.882746927172
85.25,27.2499532435181,41.8798336136895,2.94848280087211,137.289959112128,1018.26587052648,0,616.847572610276
85.5,28.1878652630096,50.9646891892007,7.28856991735859,150.816412295948,1018.32192969067,0,536.328826830068
85.75,27.3894844116009,46.6349510378808,8.47871742712313,102.761276189552,1018.4356527829,0,385.733158185888
86,27.4665092810042,44.5371128987875,4.53885528778073,160.86474983733,1018.42903277114,0,399.767183494092
86.25,26.8698737705161,36.7512520269583,6.36327769376903,81.8872200956131,1018.41259708095,0,341.045223985921
86.5,25.7519919903781,47.5335326561721,6.66541163522459,90.8385424253656,1018.47947925745,0,308.965223771888
86.75,25.8198676688307,47.7289084342251,8.41717657461365,114.691633563317,1018.47396734989,0,302.586317644193
87,25.6302936568275,37.4942057767595,7.10255293050362,137.330039493698,1018.54058339351,0,264.14271345484
87.25,26.280383505902,42.359856506277,7.03568513590089,125.876068476409,1018.46027389462,0,221.588168074483
87.5,25.022474146939,45.1893706377359,5.85854927345581,117.952556306988,1018.45331957164,0,164.412162587834
87.75,24.2626689305347,39.1106816613168,12.2975706818189,111.599396727942,1018.55649591991,0,104.9990489256
88,24.3293724272811,36.5562831650168,10.0695491656818,138.010531238902,1018.61037432609,0.222547193590377,56.8780049934682
88.25,23.5669323392214,47.8158365833802,6.6360805234362,123.925669424555,1018.66979077869,0,17.7413836527199
88.5,23.2551986389519,49.445715709454,11.0534171308141,106.613522253371,1018.77012713183,0,0
88.75,22.6232456159597,45.5375059245566,4.57804609940059,149.446350186502,1018.84127170324,0,0
89,20.7760194515376,37.8265968280145,6.35387903924568,161.309244708184,1018.79654435597,0.840080577331802,0
89.25,22.6390202584952,47.1310721728237,6.51270939963026,131.313490249766,1018.84334215271,0.487816258791619,0
89.5,20.6642074125205,50.818828353432,7.7030907487426,164.856303693816,1018.90715863574,0,0
89.75,20.4539801430904,57.5500229286121,3.88627241647252,141.018769205969,1018.91829598772,0,0
90,20.5633801099704,57.4370269278029,6.45845942248222,125.030027779332,1018.9139431272,0,0
90.25,19.6027526995839,52.7583311695669,1.32046705701999,169.206625395781,1018.8853675129,0.831903095522091,0
90.5,19.2469130749757,55.2951370448507,2.69253799126223,142.805917593492,1018.93078897343,0,0
90.75,18.2386718238957,44.8525116287469,0.0748077015285951,148.120061419504,1018.93451698142,0,0
91,17.6116736556529,53.2677777833178,0.274717659436713,142.503712231184,1018.88579930869,0,0
91.25,17.1459522530036,60.6645674972157,1.60166507890145,152.633025429986,1018.91375434316,0,0
91.5,16.8304015091829,54.2384695370679,5.19337266126397,170.094505306814,1018.89077440661,0,0
91.75,16.0105415750335,51.5581435114529,3.07289671874545,120.767343861647,1018.81764620894,0,0
92,15.5353976120067,59.9061342227613,0.181837321238024,157.909059180077,1018.83964234511,0,0
92.25,14.8672227848864,63.3207815988477,1.42192911732775,120.519415420762,1018.82534852869,0,0
92.5,14.6520845333278,58.7184848580894,2.28697686416337,153.381979858979,1018.77454372118,0,0
92.75,15.2477763203503,53.5843020716864,3.33312593378544,148.318295569379,1018.74576192973,0,0
93,13.7128876420966,59.648439114525,1.44659205105304,139.300247986085,1018.7648919837,0,0
93.25,13.4548492292045,60.3819568886362,0.374678904615474,140.859283181423,1018.75585763538,0,0
93.5,13.4702638964493,66.7976726097155,0.442170728780003,165.497520913152,1018.64630690174,0,0
93.75,12.9247617298547,70.1702708687055,2.1740866789239,147.19813637289,1018.64889329927,0,0
94,13.301219479604,63.7884402352691,3.23518220263545,166.876926834901,1018.66401516872,0,0
94.25,12.6923637074937,64.0845972704851,4.12533846539101,184.164772308638,1018.7341376664,0,0
94.5,12.5209291857904,67.8990904625598,0.316728199183958,164.644905085571,1018.64096517416,0,0
94.75,12.192012321899,67.8355873122843,2.12573722422002,193.17347433315,1018.61108477708,0,0
95,11.9060682059888,70.7242963752504,3.34866848580857,184.107540584513,1018.64680150018,0,0
95.25,11.8672965337178,64.1012497494817,5.54042575234758,190.159283385517,1018.64998060556,0,0
95.5,12.2779431805088,67.5802509466804,3.6645577578196,180.056735600136,1018.51161966598,0,0
95.75,11.0323442672741,73.5295791903592,4.38815557988279,165.424863483805,1018.45818657074,0,0
96,11.3243384843028,71.2905973136261,7.85273911579493,160.677924246984,1018.51609675379,0,0
96.25,12.2003568297432,69.1120726763115,0.123419291951828,187.065437243373,1018.48426133389,0,0
96.5,12.2333400725477,68.8295851074263,2.7087398479284,200.976938034999,1018.48986627814,0,0
96.75,12.104269989465,65.9590026229307,4.81214406237029,185.881398675805,1018.37567221261,0,0
97,11.4978599556597,65.3533997315021,7.78621440399289,226.122292263588,1018.36084712546,0,0
97.25,11.8213975357377,78.1483443581137,4.26324880988808,179.507788466389,1018.32894275715,0.227445565063373,0
97.5,12.4142511858586,75.1258377721305,6.53876383267651,215.449239955949,1018.27265752779,0,0
97.75,11.9301098560677,79.7766410218694,8.37722137165047,213.494152731021,1018.1814169839,0,0
98,12.9700750234195,76.2147476830359,7.59570057343026,218.101533752963,1018.03359673244,0,0
98.25,13.7085580959666,77.1720003504069,6.20631970963353,161.962028371854,1017.99162467083,0,0
98.5,13.5362748593549,67.9591496044713,10.2599435515908,210.4923910111,1017.91056864426,0,33.1058955393438
98.75,13.9933167057986,74.7171296980684,7.68465613646075,219.158762381523,1017.88291390583,0,77.3147060228414
99,15.102040548937,71.6326405599965,7.26460190396678,198.597521539441,1017.81319932498,0,95.7630108042995
99.25,14.5787044856492,67.9134260979039,9.80326627784984,223.625715595928,1017.7534517849,0,164.727993974356
99.5,14.6885048730311,75.0120953118358,11.4425886535349,208.972503113281,1017.63092082518,0,199.209201229294
99.75,14.8823727819613,83.225493528844,5.83535618841044,245.181984881465,1017.4769652642,0,284.011642274046
100,15.5764516960167,79.8523556714135,7.78707571533239,262.359346843587,1017.40389244746,0,304.312149927785
100.25,16.7105094246977,67.4590076539313,3.89815099915828,208.003629106926,1017.30083849524,0,310.595880237917
100.5,17.3906751050474,76.6630841808715,5.83771883858266,193.277223571414,1017.30465313212,0,366.826180786625
100.75,17.6422230443723,67.0758496779671,8.31158856797828,225.443467215501,1017.28878454672,0,384.665308468771
101,17.4644065099758,70.8453951124691,5.81325541355638,203.457372024252,1017.15729095677,0,486.336973767485
101.25,18.7953076464781,62.7524430702282,4.10752204492196,222.131148761396,1017.18072474612,0,468.856109941023
101.5,19.4654719378485,68.3633307230542,3.5046244444393,224.548909969322,1017.10730487082,0,560.228220152731
101.75,19.3323107401353,63.16530295151,3.94331181108565,271.321935822039,1017.06587281538,0,554.241950228173
102,20.0503738172389,69.415040317795,5.46296293261485,215.870422904747,1016.98705429318,0,560.582512528064
102.25,20.0814933980597,64.0699968605771,1.46038226469108,254.59212076825,1016.88078856387,0,723.349208763685
102.5,21.0158701660272,70.8847951179562,1.29985293048901,184.895551520335,1016.75051813466,0,698.482682973709
102.75,20.3836873853165,71.2398808760521,7.20285272848612,191.600736007924,1016.74217727338,0,615.791087343244
103,21.6024180330181,67.6851532636656,5.81603516300111,236.417926085926,1016.58362695606,0,712.629547683918
103.25,22.9452474639008,58.3241067248888,1.0439763120405,217.388040023206,1016.41357471864,0,654.99615609185
103.5,23.0243667609829,62.5532357096412,5.51828766768198,237.363601565152,1016.34518345712,0,611.956805429623
103.75,23.0642505562444,53.8212951607652,3.56438476320757,249.959588905155,1016.25545181373,0.624158711956388,647.745679350549
104,24.5172588748646,76.5628681568964,2.09050414040886,226.167118049133,1016.19907675613,0,837.488976281466
104.25,24.3723001808252,62.9074650785174,0.710329187783705,248.438251034574,1016.04325900035,0,842.444164647085
104.5,25.8170352905524,63.108164378485,0.241812573551196,188.570333840661,1015.88973849092,0,722.512460363404
104.75,25.0276753299777,56.9140563119149,0.425341594182294,218.479110414033,1015.7739988872,0,813.886870973462
105,25.3830742093719,61.9833141109602,0.398062954550587,252.496170690847,1015.62161793012,0,709.917992050493
105.25,25.8338232793486,58.5076289038654,1.00835462802435,188.701003857749,1015.5314958706,0,750.298386443941
105.5,24.9200297415825,59.3703915765914,2.38814902014043,288.114421691738,1015.41497313886,0,810.992082306125
105.75,25.417264289447,61.4116331912417,1.67811596727871,241.140197202202,1015.24802624159,0,888.769887201226
106,25.9453407301365,56.0407409981131,1.36484534324354,264.713496889608,1015.0386888712,0,720.678682116481
106.25,26.4758701265006,52.9889286429983,5.98603678282647,227.215916439474,1014.90751093492,0,887.742491925159
106.5,27.7199641133698,54.0606208324755,2.95240174371005,212.020093395904,1014.78771191478,0,731.543874684648
106.75,27.5306023993246,54.9523537876867,5.29761112635071,230.677235260799,1014.66928916918,0,671.814744685607
107,27.7894030883018,50.6939371972025,2.2142117877709,240.404001500855,1014.55106519671,0,678.18747500325
107.25,28.397976710863,56.8340783951318,2.51041735792613,237.909881878207,1014.3803176204,0,767.179115041464
107.5,26.6969791788725,55.607618851254,5.33444139034808,261.316285650365,1014.26063979351,0,645.402426664409
107.75,28.6061702524341,41.1013414048113,2.19688020461728,235.417140715961,1014.18913337472,0,745.861615141868
108,27.9845770951199,55.060205843588,7.53021775775889,224.797571820001,1014.11959066322,0,681.764738296186
108.25,27.4490828923048,52.5351737290629,4.51911003579509,243.410163110376,1013.96397744021,0,688.211324738114
108.5,28.5669822956465,48.2901144168198,8.83088108283383,251.573713933145,1013.80984578254,0,559.971028155394
108.75,28.3914290609471,47.4649257022782,5.82384094554175,239.857295060243,1013.69779359303,0,552.413533454455
109,27.8854244712675,37.4012180317746,7.77465587577615,247.888643312756,1013.59195664084,0,511.730691764805
109.25,27.7897048956019,37.6473806634213,5.27540802426276,272.574120904921,1013.54867518541,0.66492714260526,597.588190848764
109.5,27.5417456984701,49.9119842840138,8.48944720008158,229.267172310259,1013.41322799342,0,461.977507375108
109.75,26.8818919789045,44.7138034120636,6.37553219711285,244.973545588015,1013.23210144608,0,415.606742975318
110,27.4771922908478,47.2368594116298,8.1100984279342,238.624252103246,1013.12800242451,0,349.867423141754
110.25,26.7573747967417,49.0304652305728,6.91511137013425,235.24141206651,1012.97888277596,0,368.65937288813
110.5,27.0814372289246,52.742492795026,5.43633280311037,242.765252857877,1012.91448576381,0,301.028194464586
110.75,26.3036937226127,48.5295293888508,11.5136861381463,217.717660464616,1012.75166393098,0,309.879874699951
111,25.8861426703776,43.4422440035471,5.56086848185253,250.660593008901,1012.73793419055,0,190.854616554218
111.25,26.0586722899525,45.1935380571087,5.52144574244504,242.15738413899,1012.64900142283,0,210.415003784952
111.5,25.082303920624,42.2007080212348,11.4241023893557,203.318206466206,1012.41117678725,0,156.708134000725
111.75,24.0520941471691,48.1313359841972,10.2562442358059,226.594325713954,1012.42069373297,0,103.635408692345
112,24.1303100145489,47.0529718472371,5.10235883663268,218.112232375974,1012.29099840631,0,55.4694933261175
112.25,23.4068319830288,40.4490561938448,5.80755763992077,250.952189845192,1012.22239961727,0,15.6182328584189
112.5,24.0198252674106,50.3400726848901,7.17411765528434,244.127041026866,1012.15871516236,0,0
112.75,21.9807873144741,53.5833241017249,3.85481237474366,224.172982115546,1012.06093384269,0,0
113,22.3188167465416,55.5525459134186,5.57809973609977,225.176435869176,1011.9482220874,0,0
113.25,21.7516106359152,50.1067405425106,8.88739915173239,262.202957591116,1011.91313657393,0,0
113.5,20.8161914409642,48.7081841983121,6.75978226086357,229.064219819057,1011.84719432031,0,0
113.75,20.7293795639468,54.0011322247656,6.05900439419101,210.093262674739,1011.71098328086,0,0
114,20.1487340105725,57.7315400107745,1.98280332581009,220.785320723204,1011.58354928023,0,0
114.25,19.2920850481827,46.9213936266015,5.15683014595153,214.522867506362,1011.46842413069,0,0
114.5,19.5434337008601,57.7418115085195,6.77291660448575,242.375682194869,1011.28920545366,0,0
114.75,17.8087030962305,57.5379347232643,8.37871141592312,195.797532198397,1011.1499238199,0,0
115,18.2431731282919,51.9576180066343,5.01668740526657,240.193849546917,1011.08451930087,0,0
115.25,17.2201434810297,52.4850938221378,3.80103590208799,233.285223997951,1011.01287398002,0,0
115.5,17.0382647825034,54.7816969317299,4.68819021136393,226.565356826228,1010.9076781936,0,0
115.75,16.3241585347579,53.7630790628778,2.69188364074622,196.327979762622,1010.75982158144,0,0
116,16.467693426002,58.7468400250552,0.0507343127211235,250.228996256948,1010.69950215313,0,0
116.25,16.1343161315096,54.0602676958977,2.9855881036721,213.550378376788,1010.56835183134,0,0
116.5,15.0445713925488,60.822904715953,2.21750882949864,161.812018739905,1010.50503939341,0,0
116.75,14.9282157468316,58.3473807098349,5.33619761428379,208.090391739002,1010.3434822437,0,0
117,14.8925413496983,55.0468288472588,0.760100702913044,215.162498759636,1010.34740566981,0,0
117.25,13.8769609749193,65.4282302625495,2.50801769473553,201.418367604073,1010.17641367329,0,0
117.5,13.4409824701978,66.3648618105865,1.82541532731186,228.612763167372,1010.10648610116,0,0
117.75,14.0653313644303,60.5557438958381,3.20046664832476,193.017696790162,1010.08363643733,0,0
118,12.5673819988459,70.7631710443321,0.0971974078684221,174.338929038179,1010.04748278465,0,0
118.25,13.0165201761674,59.2691195623224,2.47461059399307,200.647436147313,1009.89780851565,0.546566758913492,0
118.5,12.7942183862076,64.3641215012651,3.76990342475824,186.313285760479,1009.82155437533,0,0
118.75,12.7299703407433,63.8050963726352,1.78313316117844,177.583598547662,1009.78012093058,0,0
119,11.2757405985423,69.9352906263362,3.35951032954585,180.630453103387,1009.62305953615,0,0
119.25,12.933985571652,67.3341352247026,4.84588939723522,204.954506153533,1009.46742759936,0,0
119.5,11.1849112614017,66.4457932159349,4.02412801762651,169.907038706141,1009.52372771448,0,0
119.75,11.5721583918485,72.5418033625128,6.80178447796491,178.767557913485,1009.39207025787,0,0
120,12.0041596267219,70.0924797880676,5.07904525465902,152.751895735157,1009.28850341481,0,0
120.25,11.0438794257529,73.5660833074223,3.71877353148324,203.364299591555,1009.15550179047,0,0
120.5,11.8381800036193,72.5051589367743,7.97771065419992,196.173455069885,1009.12061409212,0,0
120.75,12.7305463772331,70.6692014354503,5.53368066767181,185.506004811908,1009.16533737367,0,0
121,12.3669375553107,73.0253606968566,4.96732243816841,182.484532441374,1009.04955894409,0,0
121.25,12.6003404023229,80.2197102914257,5.6490882880065,140.07568527835,1008.97824239702,0,0
121.5,13.5211033728273,82.0978244665407,10.2703099692703,129.366238664934,1008.96097429935,0,0
121.75,12.0235117676667,71.5901853701502,10.0417340554757,146.92088928712,1008.91428173148,0,0
122,13.987718098483,74.2585570462143,8.26896678022083,165.200391019948,1008.84397021943,0,0
122.25,13.6977603996471,69.5386513977745,6.46611876157059,191.191118931384,1008.80237116544,0,0
122.5,13.9957973753872,80.6048001025137,7.32587392928707,160.76199045723,1008.80312310477,0,28.9788847907852
122.75,13.87785104873,78.9754223775946,12.1001693334645,201.298964513364,1008.70033339012,0,65.4477173747774
123,14.1748129327608,78.9206265210249,5.12204291452018,149.643227505403,1008.5924407047,0,125.194189277353
123.25,14.9237426014413,80.7292120377929,6.50906907507989,174.274015910889,1008.55628584505,0,147.008008960226
123.5,15.050540569435,71.4236231395487,6.67286962569778,130.059147045663,1008.49458056755,0,213.561913529746
123.75,16.6531709684253,73.1045666679082,6.94354652930251,138.728884414972,1008.6049436079,0,272.533986052862
124,16.921939006612,71.5937887891703,5.85260837376157,169.32069056753,1008.62020287546,0,282.738807375101
124.25,16.176903943765,70.2557147629871,5.64270031427992,150.055525372158,1008.62805617799,0,315.41511425701
124.5,17.0085235595385,70.7100092647234,3.97436804529672,135.973851980546,1008.63760024816,0,359.531684230615
124.75,17.4119373058459,73.7881727690444,6.77075035429208,131.4100822739,1008.62475901974,0,406.525147009336
125,18.5222814554455,76.8773303973492,3.64085413161437,158.919194356866,1008.65963215297,0,508.5402170992
125.25,18.3620766435561,76.2409928008907,4.81196583635559,164.758876749175,1008.6068799752,0,473.638251103589
125.5,19.0565921113779,69.917731399909,4.12308258138039,167.935634355474,1008.71719928147,0,454.895865752054
125.75,19.0016650441373,78.9948437895754,4.95922443436688,112.545971657443,1008.74128381096,0,586.449667589889
126,20.1313430854756,75.8276889573614,3.72299671368587,178.817239842646,1008.7580940664,0,611.299898943871
126.25,22.1231965593822,71.8527179275434,4.85429716680834,144.753939326947,1008.6703783925,0,610.060473135721
126.5,20.9809762146995,75.5992956815839,2.3125460859252,117.934394277636,1008.64299302401,0,603.297282959284
126.75,21.0632724770796,76.0674364115981,1.2888935151551,112.645779846929,1008.71526873439,0.312647027820035,653.651811725661
127,22.3200301006676,67.953830906458,1.91913264849975,160.824704642874,1008.65269611916,0,614.516544048249
127.25,23.3947787324709,60.851875061402,2.92399709632497,108.151705976478,1008.60991521814,0,766.356740473865
127.5,22.7717336751423,58.6139953174612,8.39383180505218,168.455303688259,1008.64766020132,0,634.032791061864
127.75,22.40727961644,66.2607364770377,0.920800664105542,117.447870364827,1008.70055086694,0,798.386849663857
128,23.7573663060707,66.9203714766491,5.67764747752136,127.728307411144,1008.66355894305,0,724.422746310782
128.25,24.637920943164,61.2294533491762,0.604294960524571,131.539393518257,1008.62933594834,0,810.434168694569
128.5,24.6625117142979,56.7993501880027,2.40972997510506,103.534068770321,1008.57870989921,0,665.629609654323
128.75,24.4974221083489,65.4331633028152,4.08964790802514,138.795176357457,1008.64320649874,0,777.068646746795
129,25.8442831041432,65.613823797062,3.10913870169384,156.53163947424,1008.71215185012,0,764.528084367656
129.25,25.444722631421,62.5917831418112,1.00308849948986,137.890798076207,1008.76762063157,0,719.283473679403
129.5,26.4465177435607,61.5077097942167,3.58522424763595,137.52606030607,1008.8129648967,0,816.488194067111
129.75,26.404034150377,60.315300246564,0.519158971555161,96.028692552707,1008.87081998969,0,705.206462457479
130,26.0494655512794,55.7517993866506,2.0826855147738,110.023777358815,1008.91165539947,0,976.286439844006
130.25,26.9077087615642,53.5987688113865,5.46158149308435,124.632225659313,1008.93394961323,0,697.945601872007
130.5,26.9586002577747,56.692569097187,5.11517712573818,110.43436103409,1008.98711213407,0,726.571386352471
130.75,27.6134080285615,55.1256258255335,2.32357153561122,162.439840905001,1008.98917690285,0,765.036927131558
131,26.648448838546,41.5856757053417,1.79535350488121,127.488660202397,1009.02586557159,0,835.82075498367
131.25,28.1639606819263,50.2586512970117,3.04701872221759,104.26382940297,1009.15892221496,0,680.068311589528
131.5,27.3417777802656,46.008905861458,3.89757236315311,138.92991314696,1009.28257012161,0,739.839614373806
131.75,29.0257968413841,52.1232577678634,5.55268356069645,146.420399012073,1009.27104169871,0,629.220606285682
132,28.734543983767,40.8727505483777,4.42492023498524,142.970074946261,1009.29138608568,0,648.027476510912
132.25,27.2394163800408,48.6464754633223,8.90139568541303,165.524003003576,1009.48244143452,0,740.368784976322
132.5,27.8473464836375,54.7112640608529,8.90177072848837,113.815712621603,1009.55797774352,0,673.476047069096
132.75,27.7174252714923,51.8000661608332,3.5834977528508,131.664785266898,1009.62488131007,0,607.701924603427
133,27.5925492101342,55.1946266911274,7.19269269698017,111.899677989902,1009.66679955659,0,503.713948019162
133.25,28.0927123424945,57.3682103058442,8.79252098815997,136.12795753446,1009.64860335802,0,474.650271855677
133.5,28.7646006877844,41.984828997261,6.95470352205955,133.489202542822,1009.75793965356,0,461.869091121644
133.75,27.4530646637116,47.706723213367,7.00380394870218,101.71511728607,1009.77656352302,0,459.273801472781
134,27.1150884225409,42.4687278028935,7.44085659508448,111.631594784156,1009.97646700429,0,419.890614996867
134.25,27.2245666237459,44.2131029798912,8.1357036339036,112.631002208006,1010.08718234534,0,393.798599205844
134.5,27.495796758229,47.5745599650039,8.90494443029276,132.226690805559,1010.14791214757,0,367.195763909798
134.75,26.3222763584244,49.6709154091462,8.01940917201847,123.33305562372,1010.20168207839,0,265.427436141384
135,26.0651417781656,42.6141553002616,11.2077442667626,167.680966911241,1010.27519947312,0,212.974253683129
135.25,25.5576393828954,45.5914546241583,6.00733364975491,121.511126175221,1010.40636346866,0,158.118207777943
135.5,25.3239892459184,46.3022590780701,10.4090565681567,115.479680757159,1010.45608175517,0,161.732819927303
135.75,24.8135629860399,45.8270819319018,7.93157022123213,154.29071402052,1010.52418799979,0,85.2768986185786
136,24.1928571062924,44.2565827264898,6.0465040384488,98.1320469180807,1010.66573730767,0,63.0006237645165
136.25,25.0126155403676,36.8037474035211,5.94611205363148,113.483903969067,1010.72495816699,0,16.1794652908406
136.5,23.6628457004732,50.1932055826482,7.46495843976195,119.537909180052,1010.79345695989,0,0
136.75,23.2407222543152,48.3370971894199,9.20997026098694,110.443432433528,1010.85836330688,0,0
137,22.4876274728808,45.2362312450863,4.83178652203035,126.53861423945,1010.92899850531,0,0
137.25,22.4962841814931,38.7509555678315,10.5352609490763,127.868728632184,1011.06545314429,0,0
137.5,20.5652602224068,40.707468076004,3.07863443775249,132.682349645684,1011.15399384622,0,0
137.75,21.7639339808978,52.2209256238983,8.50787516078976,116.577555517803,1011.27914174446,0,0
138,20.9443302596148,53.3341638503607,2.49518133760094,140.193099044624,1011.4225864118,0,0
138.25,19.6527091655099,56.6065693833669,4.86036001188356,146.269582083558,1011.55876016942,0,0
138.5,19.5513580206979,49.9807168114052,5.48376469764973,117.755240316071,1011.62962931725,0,0
138.75,18.4652331541349,52.3875160880045,2.95960577576198,142.106425841296,1011.67495435297,0,0
139,18.9988585085816,53.9675802883779,2.65294751849,133.183319843887,1011.76941245877,0,0
139.25,18.0891077583361,55.9344836156752,0.135811079333627,136.609415166608,1011.86041430718,0,0
139.5,16.5172332362623,60.540520820012,5.90967096702436,136.267672796188,1012.02538353372,0,0
139.75,17.549546090725,52.6714498307364,2.72846849646063,147.200771607968,1012.17607892994,0.710655085001574,0
140,16.8902593288692,56.4468131494455,3.94008316310114,154.184049387011,1012.34769964338,0,0
140.25,15.8246061281121,64.1708403437977,2.24008291877265,148.023633193475,1012.49332118426,0,0
140.5,16.2455896645766,60.6162412800657,3.13310531371318,174.459542372062,1012.59269641584,0,0
140.75,14.5601478092999,52.2825086437782,1.51392750647166,150.516920384882,1012.74323084644,0,0
141,15.2489785793963,58.3354368309968,3.39072171451941,135.011391769463,1012.92397307446,0,0
141.25,14.4896473145333,59.3650916806824,2.47572502878641,168.642261944812,1013.04018904925,0.850533953132519,0
141.5,13.0880571264311,56.9250846744186,1.99564054286123,120.595293749652,1013.15684169601,0,0
141.75,13.4843991761363,60.9085711116116,0.101776743346278,183.714300361628,1013.27495732245,0,0
142,13.7113039028431,71.6866283894936,6.86278738562743,161.877644095077,1013.40745495097,0,0
142.25,12.8288785485664,67.2623091792196,0.118648792285879,208.784478866381,1013.41986844813,0,0
142.5,14.0850051243893,72.2688676613984,2.59288935534285,152.300850706389,1013.60162649971,0,0
142.75,13.0259391579675,67.5527999483734,4.59317903426868,185.298757891021,1013.79933026631,0,0
143,12.8802439351827,53.3728491546907,2.53506617452609,200.363364723812,1013.92047198364,0,0
143.25,13.3787698856838,68.026339472474,2.24722168122521,177.506952844593,1014.02592855883,0,0
143.5,12.8735749906488,60.7359628473614,3.18674771101889,158.550869642899,1014.13307520656,0,0
143.75,12.7457887533636,64.5280926570683,2.74087261558875,143.183677853057,1014.25275707297,0,0
144,13.0343330025198,76.2058095337333,5.57584140364071,193.911440168066,1014.34970678509,0,0
144.25,12.6344912349038,70.5009299132223,4.58161088051466,217.54399068592,1014.37965816053,0,0
144.5,13.3341980563539,72.7155059956108,2.77095682332268,156.425527763835,1014.47272356086,0,0
144.75,11.7859860907236,68.5573510114128,8.82901298285453,181.692880795273,1014.64417992857,0,0
145,13.4811045477495,67.3610004044055,5.12277223417806,207.915671427921,1014.78304870283,0,0
145.25,12.4657271323093,69.3017605771334,6.75809413232432,184.912396043636,1014.94990522958,0,0
145.5,12.3367668032896,62.6490793066629,8.14899305090792,180.602182068858,1015.07784461422,0,0
145.75,13.3957693288049,82.1824257483554,8.3013840548509,158.316705926388,1015.11284733837,0,0
146,13.4063852801641,83.1065291563716,7.04380243813858,189.984816200194,1015.24268887142,0,0
146.25,13.4713863729425,74.7727142688393,8.60043540283116,179.294255289123,1015.28890288356,0,0
146.5,14.4385633187725,80.0909216234547,9.13532865385926,233.056547297967,1015.41867059556,0,25.6942118289031
146.75,13.7997989222572,72.5586495981243,8.09768482007802,169.986995951628,1015.50891989046,0,79.2693990836406
147,14.3497111591455,77.6742416935301,7.27119986718172,237.372287181366,1015.60876559933,0,112.856993736151
147.25,14.8858399443478,71.6588568296892,5.89988286897886,191.184179024787,1015.64632809101,0,190.987959752357
147.5,15.0881503961591,75.6253507626957,5.64057316848603,179.347134865502,1015.68868290774,0,248.071854101824
147.75,15.722544118348,72.5011819412505,7.65466536936461,203.036415619244,1015.86156395842,0,233.93096161192
148,15.8892234218542,69.060865374954,8.53326835691076,203.560210149429,1015.98529613533,0,320.985724568002
148.25,15.612158857782,75.4678393399606,7.5520231580607,174.77323563888,1016.07280621176,0,338.596442219116
148.5,17.388656947668,71.3268250648694,9.08942010027627,213.46091776833,1016.16090019264,0,435.454139374521
148.75,17.4320842779891,75.6193749070818,7.50532109951305,229.855302321018,1016.21694593812,0,412.773250211713
149,17.8562292433568,76.0674486753193,4.98001714646503,208.427973965546,1016.33660934412,0,477.920503586121
149.25,18.170363590368,80.1225736792306,9.57430470010664,191.472035629108,1016.40709843129,0,505.45510081937
149.5,19.5178302583156,67.4139483475929,2.59283030931218,253.956657858056,1016.56360035321,0,454.465883865012
149.75,19.7128484390142,62.8301902279334,4.73879997753291,225.653313124706,1016.62677646978,0,542.772678420728
150,19.2318826877342,70.8454433410279,3.73457344312993,197.113193218736,1016.7393669955,0,539.206654137785
150.25,20.4441056219614,76.8232364384406,1.82096260430376,237.613231393574,1016.84479179696,0,558.876904156929
150.5,21.79291060244,72.5327032954431,1.67143358884325,208.669003224579,1016.89048320569,0,724.675881124875
150.75,21.0998147799846,75.7899449623601,3.10215798239529,231.865746192525,1017.00131882926,0,682.561784863972
151,21.8009739219788,71.0848253025637,8.04749248744033,253.056858853593,1017.06894077826,0,678.500549698894
151.25,21.9344896062644,65.9080675247781,5.35672962307774,224.368780343058,1017.28995003124,0,673.645253485459
151.5,22.8253096275604,62.2038581237324,1.74952355428364,199.81891128545,1017.38112221649,0,708.045935445396
151.75,23.3193600080286,71.2130215463661,5.480217991028,255.150690580998,1017.39207286412,0,716.935540931605
152,24.2001686048932,67.5586949165293,5.88454926393759,211.543503262955,1017.61454629911,0.75820603004604,801.596360847532
152.25,25.5632841798229,65.0682287921863,4.35862613144409,219.764049948702,1017.66901667843,0,689.433808133328
152.5,25.8091103981181,59.9076456405523,0.186998034721568,227.589983030623,1017.79691366806,0.936301192887069,646.709248001151
152.75,26.2588333415531,58.0825334014659,3.51306310586174,263.291600765556,1017.97621165291,0,810.005163571384
153,25.7229045436636,54.5103193781321,1.75128092399871,229.625504316517,1018.00022932836,0,809.636976466628
153.25,26.6671851029488,53.6523401500458,1.44323197358573,250.035539224077,1018.05230220471,0.875398814366098,657.399873242024
153.5,26.1580621113073,56.7617954841007,2.40030074435888,247.424465180289,1018.11793308854,0,868.289252816648
153.75,27.1917439806617,64.1231795339304,3.82961770922115,245.700925550657,1018.2206134895,0,732.640851094137
154,27.114327986723,57.7431269357003,0.864942573004609,219.808413449023,1018.39287880501,0,884.601346825026
154.25,27.4648005901496,56.8901709321328,1.1928471724376,231.199613227287,1018.43758109811,0,868.972105488208
154.5,27.5452783243002,57.3842743333676,0.709261456563489,246.053281250846,1018.48691531581,0,631.299023330291
154.75,28.0952479093878,54.8355955685646,2.27579095163935,231.495616344288,1018.54664936398,0,683.968588696642
155,27.6140155511541,44.616226869223,7.56550693895735,240.10541732829,1018.54726786777,0,720.201643663998
155.25,27.4349309081782,55.0428107116111,4.98168761173809,268.820417421052,1018.57443794812,0,728.183453070438
155.5,28.2252975909693,49.978909290112,3.6573961890363,240.674571327708,1018.71714017447,0,713.924973263655
155.75,28.2270189300882,51.6449564619871,6.51970988526787,231.820579195879,1018.74339732915,0,639.265107325003
156,27.8743175684016,50.4201609085613,8.42416844224522,207.04940868568,1018.79717503093,0,684.395379038226
156.25,28.8263777159514,48.5111528884607,9.77073785237515,253.082139211215,1018.8125924224,0,654.43868583703
156.5,27.9109407872672,49.8075361392648,2.97001812645096,247.958861871757,1018.88716936009,0,554.587842646619
156.75,27.7005350423717,44.8697125357207,4.30414394829566,236.398468985672,1018.85186045747,0,400.439802739131
157,27.8531970557487,46.8009380943274,3.28205032030526,247.534220318422,1018.89339928217,0,646.089490607565
157.25,29.3406510571325,42.8699460413812,9.3704366994149,226.502387014854,1018.91716067283,0,541.272208375147
157.5,27.5089296245353,44.4686923023183,9.64567224313452,220.390879182437,1019.00792376297,0,438.663487014745
157.75,27.5203372583853,45.9842542946426,7.46371781289756,205.101581098779,1019.00824096483,0,408.276280348067
158,27.2138275240984,51.6826123875754,8.54535151655374,218.169636500073,1019.03728005244,0,331.962883476238
158.25,27.1361799720571,42.0236611609758,7.25816282105103,213.598829772577,1019.00901162844,0,330.300324217755
158.5,25.8260259699292,46.6950694098424,10.1931585140651,221.585676064529,1019.02877297363,0,317.69507439026
158.75,26.9741251171079,50.4723205946287,8.71022420395742,240.73176424609,1019.03814694684,0,330.227198722238
159,25.635656660398,43.2317256173876,6.52380356175961,222.343148215282,1019.07225746484,0,227.168041007145
159.25,25.7780245061677,34.7614536262058,4.80808257350887,196.822673795038,1019.11124048083,0,184.750672253523
159.5,24.2921633358939,46.6749892702028,8.24375451590319,248.612524589484,1019.15116820836,0,125.858752605217
159.75,24.9564261380892,39.0883521650932,5.09316248826141,248.457177933671,1019.15077516774,0,113.229200986334
160,23.7548667217094,41.5028711722663,7.77885881378704,201.985755777898,1019.19288343431,0,58.2473523154828
160.25,23.3584909881631,44.0709310593565,6.93551671673095,231.283409487496,1019.21740630778,0,14.2563787019119
160.5,22.3164420542787,47.5102635202281,7.46932607495292,226.999899036564,1019.15578138595,0,0
160.75,22.0474666674193,46.6481824825857,5.15821622855914,243.547468236572,1019.11873899413,0,0
161,22.4579613676066,43.4842649974136,6.35662135433092,189.551620519504,1019.15968563654,0,0
161.25,21.6468247179069,41.6222226173617,9.52167455766821,230.228357489942,1019.15683340866,0,0
161.5,20.781881230816,53.4831219296197,3.84332411216084,221.281489554846,1019.1842481422,0,0
161.75,20.994075090078,45.0347047601352,0.597081443063715,224.465657179538,1019.18306944336,0,0
162,20.2392274427366,45.0364874866373,2.93345022541657,240.408832340063,1019.22233235658,0,0
162.25,19.7135714477759,50.3298867084928,3.43980212006815,202.784534236219,1019.17911229439,0,0
162.5,18.8216564008422,49.456438511002,6.75730783008575,237.472778240434,1019.2082303008,0,0
162.75,17.9339948821308,45.5317041634816,2.67685042927078,179.066385027855,1019.19667880965,0.176914593198543,0
163,17.4077374352415,47.0339014951323,5.87589482282671,235.10842061904,1019.19727300049,0,0
163.25,17.2933659101936,63.6100782679792,3.89068829332206,173.260980008958,1019.12074640395,0,0
163.5,16.9105716424642,60.0111980500457,3.03249664907866,219.013181193401,1019.17866605956,0,0
163.75,16.8706555822674,43.4514642005497,3.97551853773164,222.080458863263,1019.10991310728,0,0
164,15.9526707700558,53.1836711875771,0.545779648038803,240.753025962465,1019.0520563073,0,0
164.25,15.5809209542524,53.5157316207685,0.941927644197691,235.145605890524,1019.07708855108,0,0
164.5,15.0915910154129,58.2288393497427,1.71227745153649,188.194877918215,1019.12524699167,0,0
164.75,14.6412549854844,64.8331420027541,0.42786836024369,200.585094343746,1019.01163527543,0,0
165,14.6083498686585,60.2430070400273,3.37673800036154,202.309292849424,1018.96195078862,0,0
165.25,13.5849897103383,50.8289809739974,1.87217024711915,195.668029752705,1018.92427295808,0,0
165.5,14.2666419062891,64.0931376791286,3.84263029030341,201.050440091569,1018.9376413257,0,0
165.75,14.2826149427153,58.4821183322354,2.61407322189506,190.504825480653,1018.87348698605,0,0
166,13.3047939133409,62.7621016860775,2.54613003518482,174.130880203437,1018.93291806659,0,0
166.25,12.7754864011072,70.89933734416,1.63268751585373,167.442734594781,1018.90343193147,0,0
166.5,13.5062980210446,68.8048636448757,6.12715041545201,195.412645207838,1018.88744905119,0,0
166.75,11.7300175526173,63.1035526490487,0.504266087677218,184.651365047224,1018.88225697644,0,0
167,11.6119744794166,69.1988986873663,3.95422159879243,168.68365320589,1018.86150356482,0,0
167.25,12.7308398045024,69.7619796928743,7.41435825604982,185.693403521128,1018.74743029753,0,0
167.5,12.450716425666,55.9643435286964,5.92856020548762,142.515487481501,1018.65531236939,0,0
167.75,11.9379644573549,74.6245317520063,0.776159222492484,196.400434748998,1018.58921456351,0,0
168,11.9574940835614,69.6576183844442,7.18768411403314,219.29006138506,1018.54432850249,0,0
